Device,Resolution,Users,Sessions
desktop,1920x1080,2178037,5568125
desktop,1440x900,956275,2451816
desktop,1536x864,668922,1549428
desktop,1366x768,728521,1493674
desktop,2560x1440,499272,1259318
desktop,1680x1050,339157,880652
desktop,1280x720,355931,840034
mobile,375x812,332208,459373
mobile,414x896,338039,453528
mobile,375x667,273946,386215
desktop,1792x1120,174344,495742
desktop,1920x1200,212866,550785
desktop,1280x800,147919,356378
desktop,800x600,122877,123070
desktop,1600x900,149829,356843
mobile,390x844,114944,155374
mobile,360x640,92280,135721
desktop,3440x1440,103417,289444
mobile,393x851,70781,120571
mobile,412x869,66867,96797
mobile,412x915,70979,110076
mobile,360x780,80639,130398
mobile,412x892,71047,118682
desktop,2560x1080,84247,198711
desktop,2048x1152,69941,161838
mobile,414x736,55439,75720
mobile,360x740,55642,76737
desktop,768x1024,68035,109582
mobile,412x846,54820,82905
mobile,360x760,58315,79997
mobile,360x800,58413,79043
tablet,768x1024,58660,93167
mobile,428x926,38268,56381
desktop,1280x960,47477,49204
desktop,1280x1024,53838,112774
desktop,3840x2160,44713,126046
mobile,320x568,38627,52787
mobile,360x720,37251,51551
desktop,1024x1366,39680,66373
desktop,1536x960,33131,94123
desktop,834x1194,24780,50879
mobile,412x732,31103,52181
desktop,1360x768,25193,45396
mobile,384x854,27849,43753
mobile,393x873,27448,40990
desktop,834x1112,26705,72487
desktop,3008x1692,24725,58274
mobile,393x786,19714,30563
desktop,1368x912,23885,58667
desktop,810x1080,23765,39021
desktop,2048x1280,22148,62040
desktop,1080x1920,17131,38399
mobile,412x823,18852,27151
desktop,1707x960,13011,28150
mobile,393x808,16297,24183
desktop,3840x1600,11170,32160
desktop,1500x1000,13905,38842
desktop,1024x768,12859,21699
desktop,820x1180,14329,21494
mobile,393x830,12228,17395
desktop,5120x1440,10238,25435
desktop,1504x1003,9061,19222
desktop,3072x1728,12655,32684
mobile,360x771,10885,16991
desktop,1517x853,10073,12800
desktop,2195x1235,8271,22678
desktop,1440x960,7024,17821
mobile,800x600,9220,9220
tablet,1024x1366,7985,13578
desktop,2560x1600,7407,19561
desktop,1300x731,7345,9664
desktop,3200x1800,6671,14711
desktop,3840x1080,7387,23202
tablet,810x1080,7241,9440
tablet,834x1194,7681,12408
desktop,1440x2560,7093,13904
desktop,3360x1890,5776,14651
tablet,834x1112,6829,10969
tablet,800x1280,6275,8871
mobile,385x854,5842,7124
mobile,360x748,6833,10306
mobile,412x883,5419,6988
desktop,1536x865,5683,13331
tablet,1280x800,5147,7673
desktop,1600x1200,4257,8319
mobile,412x877,5423,9218
mobile,424x918,4771,7551
desktop,1344x840,4626,8398
desktop,2752x1152,5421,12464
mobile,393x817,5226,7537
mobile,1920x1080,5077,5077
mobile,360x747,4500,6214
desktop,1620x1080,4787,8884
mobile,320x694,5155,6415
desktop,1707x1067,4548,9136
mobile,385x833,5155,7126
mobile,320x693,5139,11928
desktop,2560x1441,3484,12287
desktop,2880x1620,4580,10079
mobile,432x864,3902,5515
mobile,360x757,3369,4675
mobile,424x753,3207,6229
desktop,2304x1296,3968,9890
mobile,412x938,2892,3641
mobile,384x832,3362,8342
desktop,1200x1920,3369,6543
desktop,1200x800,3115,6266
mobile,320x569,3473,4849
desktop,1463x823,3604,10295
tablet,820x1180,2575,5108
desktop,1024x1024,2768,2768
mobile,320x676,2983,4306
mobile,360x772,3092,3833
mobile,396x858,2468,4143
desktop,1241x698,3023,3647
desktop,1280x768,2622,5460
mobile,320x658,2551,4058
mobile,424x848,2087,3211
tablet,601x962,2491,4418
desktop,3840x1200,2564,8852
mobile,360x840,2711,3991
desktop,1739x979,2632,4806
desktop,2048x1080,2034,5163
desktop,1093x615,2578,5372
desktop,2561x1440,2063,4374
desktop,1280x854,2326,5789
mobile,320x640,2121,2568
mobile,320x712,1988,2772
desktop,2048x1153,2117,4510
mobile,384x845,2323,3656
desktop,1664x1110,2015,3192
mobile,393x818,2351,3344
mobile,424x942,1739,2387
mobile,424x895,1745,2485
desktop,1098x618,1947,4689
desktop,1152x720,2098,3378
desktop,1440x810,1852,4426
tablet,712x1138,1625,1826
tablet,800x1334,1512,2543
mobile,360x770,1638,3233
mobile,412x960,1509,2153
desktop,1549x872,1632,2659
mobile,320x570,2106,2371
mobile,640x360,1755,2307
tablet,1024x768,1632,1974
desktop,3200x1333,1557,2988
tablet,962x601,1690,2253
mobile,360x756,1575,2297
desktop,1746x982,1445,2664
desktop,960x540,1885,3696
mobile,414x920,1885,2327
desktop,2048x864,1522,3632
mobile,1280x960,1567,1567
mobile,455x986,1643,2187
mobile,463x1002,1826,2327
desktop,2294x960,1517,2515
mobile,320x480,1414,1414
desktop,1024x640,1637,2329
mobile,432x960,1637,2597
desktop,1280x721,1470,3811
desktop,1400x1050,1622,2154
mobile,320x534,1581,1889
tablet,600x960,1636,8370
desktop,1187x667,1311,1624
desktop,2133x1200,1110,4848
desktop,1676x943,1495,3843
tablet,1334x800,1121,1964
desktop,1537x864,1066,3092
desktop,2144x1206,1289,10197
mobile,378x840,1425,2018
mobile,414x874,1165,2422
mobile,414x897,1363,2376
desktop,1603x902,1275,2732
mobile,412x856,1227,1452
mobile,800x1280,1130,3807
desktop,1376x774,1246,2929
desktop,2400x1350,1015,3769
mobile,455x960,1027,1234
desktop,1616x909,939,1919
desktop,1829x1029,895,1640
mobile,339x753,1082,1179
mobile,424x879,1215,1728
tablet,1138x712,1292,2958
desktop,1024x820,1140,1842
desktop,1050x1680,1266,2710
desktop,1396x785,1161,1620
desktop,393x851,1119,2341
desktop,4096x1152,1087,1807
mobile,396x792,865,986
desktop,1408x792,1008,3596
desktop,2176x1224,968,1970
mobile,393x699,856,1237
tablet,600x1024,1120,1323
desktop,1564x1043,795,1620
desktop,1600x1000,1047,3433
desktop,1760x990,892,3895
desktop,1824x1216,1018,2036
desktop,1920x937,1028,1314
mobile,360x820,776,1070
mobile,444x985,1086,1347
mobile,491x1064,785,1640
desktop,1728x972,782,1492
desktop,1138x640,723,764
desktop,1152x864,915,1069
desktop,1281x720,767,3121
desktop,1423x800,871,1608
desktop,1475x830,871,4700
mobile,360x749,897,1087
mobile,385x811,1002,1425
mobile,414x851,1037,1314
mobile,424x907,1037,1212
desktop,1280x578,910,1150
desktop,1397x786,868,2629
desktop,1463x915,701,1082
desktop,1706x960,834,2393
desktop,2049x1152,826,1592
mobile,385x845,793,921
mobile,396x814,851,1177
mobile,418x976,709,980
mobile,463x925,743,1267
mobile,869x412,901,1100
tablet,534x854,851,1314
desktop,1477x831,864,3793
mobile,363x797,825,1404
desktop,1680x945,626,1252
desktop,1708x960,817,1839
desktop,2560x1067,596,974
mobile,360x750,847,1115
mobile,485x995,847,1115
mobile,486x863,670,1508
desktop,1229x692,763,1022
desktop,1440x2000,742,742
desktop,1917x1078,790,1383
desktop,1920x969,680,1093
desktop,1920x975,722,1688
desktop,2250x1500,570,1110
desktop,360x640,770,1347
mobile,(not set),749,856
mobile,377x753,749,950
mobile,400x867,632,723
mobile,463x950,584,741
mobile,740x360,673,722
desktop,1024x600,722,1171
desktop,1364x768,553,1210
desktop,1418x798,696,1825
desktop,1476x830,735,1609
desktop,1536x1024,520,923
desktop,1670x940,637,998
desktop,2194x1234,520,2651
desktop,3072x1729,650,1338
desktop,375x812,761,1134
desktop,4096x2160,780,1708
mobile,353x765,650,920
mobile,377x795,546,577
mobile,384x811,579,579
mobile,412x906,741,951
mobile,455x809,650,1338
mobile,485x1022,540,845
mobile,486x1052,728,728
mobile,915x412,670,809
tablet,1205x753,605,856
desktop,1067x600,710,1897
desktop,1280x610,704,919
desktop,1334x889,679,1817
desktop,1696x954,722,2768
desktop,1715x1143,619,1618
desktop,412x892,649,941
desktop,800x1280,499,723
mobile,376x668,583,1297
mobile,408x861,565,565
mobile,412x618,547,759
mobile,424x880,535,579
mobile,780x360,541,663
mobile,846x412,535,699
tablet,960x600,625,3012
desktop,1092x614,618,1182
desktop,1525x858,558,1215
desktop,1536x722,491,491
desktop,1536x754,558,607
desktop,414x896,563,751
mobile,1024x1366,486,605
mobile,339x716,503,503
mobile,408x839,641,968
mobile,432x936,558,744
mobile,455x910,480,480
mobile,485x969,558,4697
tablet,753x1205,596,649
desktop,0x0,579,790
desktop,1000x600,458,458
desktop,1024x1280,493,950
desktop,1024x576,579,1270
desktop,1024x864,423,423
desktop,1093x614,463,463
desktop,1164x655,488,667
desktop,1333x888,443,1177
desktop,1368x768,523,766
desktop,1372x772,433,517
desktop,1384x779,468,730
desktop,2000x1334,403,668
desktop,2134x1200,458,715
desktop,3072x1280,533,1171
desktop,412x869,458,715
desktop,640x480,418,458
mobile,1280x800,438,598
mobile,320x686,453,497
mobile,360x792,483,577
mobile,392x800,533,637
mobile,408x816,558,1335
mobile,432x768,418,499
mobile,768x1024,453,497
tablet,640x1024,423,577
tablet,686x1098,443,443
desktop,1216x811,396,824
desktop,1235x823,513,513
desktop,1360x1020,518,518
desktop,1440x2561,480,1049
desktop,1494x934,457,3656
desktop,1800x900,392,618
mobile,375x813,410,486
mobile,851x393,424,625
tablet,800x600,508,508
desktop,1220x686,501,942
desktop,1242x699,480,579
desktop,1290x860,334,520
desktop,1296x864,421,979
desktop,1360x765,471,527
desktop,1366x1024,405,536
desktop,1600x762,484,641
desktop,1639x922,355,1054
desktop,1685x948,413,826
desktop,1920x991,355,668
desktop,2160x1440,401,707
desktop,2256x1504,430,1087
desktop,2328x1310,430,1049
desktop,2561x1441,492,2230
desktop,2880x1800,388,605
desktop,3073x1728,413,547
desktop,3360x1417,497,1752
desktop,360x780,438,722
mobile,353x706,476,532
mobile,360x668,392,438
mobile,384x790,409,457
mobile,396x880,388,1027
mobile,408x884,497,555
mobile,463x976,434,523
mobile,892x412,480,579
tablet,1024x640,434,1200
tablet,1098x686,451,649
desktop,1000x800,339,429
desktop,1080x675,317,749
desktop,1152x648,390,637
desktop,1200x1600,357,452
desktop,1200x750,324,324
desktop,1216x684,394,1484
desktop,1436x808,434,869
desktop,1451x816,324,648
desktop,1472x828,431,976
desktop,1707x720,302,342
desktop,1728x1152,379,708
desktop,1740x979,295,736
desktop,1795x1010,342,342
desktop,1805x1204,317,749
desktop,1812x1019,420,685
desktop,2000x2000,387,387
desktop,2195x1372,434,550
desktop,3360x1440,423,790
desktop,360x760,423,635
desktop,3840x1620,431,1407
desktop,960x600,353,754
mobile,360x803,342,342
mobile,376x814,324,443
mobile,384x824,423,692
mobile,414x882,438,657
mobile,424x891,379,379
mobile,439x854,427,1495
mobile,471x1019,298,408
mobile,800x360,324,410
tablet,1318x825,320,406
desktop,1000x900,341,499
desktop,1120x630,309,845
desktop,1194x834,258,338
desktop,1277x718,284,983
desktop,1280x1098,354,354
desktop,1336x752,262,342
desktop,1364x767,325,889
desktop,1410x940,287,376
desktop,1450x816,255,403
desktop,1536x731,258,676
desktop,1584x990,361,8320
desktop,1595x897,284,2010
desktop,1669x939,255,1178
desktop,1720x720,281,767
desktop,1745x981,300,346
desktop,1901x1069,373,976
desktop,1920x1081,309,667
desktop,1920x800,313,493
desktop,2160x3840,322,1215
desktop,2240x1260,309,452
desktop,375x667,345,345
desktop,384x854,325,325
desktop,412x823,338,442
desktop,900x1440,376,1245
mobile,360x879,364,364
mobile,376x800,294,339
mobile,384x792,376,376
mobile,400x889,255,255
mobile,408x725,313,361
mobile,412x839,322,744
mobile,424x906,345,451
mobile,455x1011,290,458
mobile,480x854,319,969
mobile,486x1025,351,459
mobile,491x1091,268,732
mobile,590x736,332,434
mobile,720x360,313,409
mobile,760x360,255,255
mobile,873x393,361,527
tablet,825x1318,351,513
desktop,1056x594,234,1110
desktop,1080x720,285,508
desktop,1088x612,240,396
desktop,1128x752,302,302
desktop,1138x712,226,403
desktop,1296x810,243,1509
desktop,1366x912,246,278
desktop,1536x961,325,423
desktop,1561x879,277,5640
desktop,1574x886,308,1404
desktop,1600x1024,316,467
desktop,1646x1029,246,480
desktop,1720x1440,327,427
desktop,1730x973,294,485
desktop,1825x1027,271,401
desktop,1847x1039,282,1289
desktop,1852x1235,313,613
desktop,1914x1077,231,835
desktop,1920x880,296,335
desktop,2138x1203,336,599
desktop,2731x1440,333,1738
desktop,3072x1920,277,361
desktop,3414x1440,285,471
desktop,360x720,302,538
desktop,393x786,248,1091
desktop,412x846,299,442
desktop,412x915,282,282
mobile,1366x768,322,322
mobile,320x665,234,306
mobile,343x724,268,268
mobile,346x692,243,274
mobile,388x775,336,380
mobile,393x822,327,911
mobile,412x857,313,518
mobile,720x1152,237,423
tablet,1024x600,294,332
desktop,1090x727,256,459
desktop,1095x730,268,423
desktop,1120x700,217,217
desktop,1152x2048,198,240
desktop,1171x659,259,354
desktop,1181x664,268,423
desktop,1182x665,266,574
desktop,1288x946,277,336
desktop,1348x758,256,1363
desktop,1422x800,273,1019
desktop,1489x838,268,1214
desktop,1500x844,280,280
desktop,1504x846,210,420
desktop,1632x918,240,291
desktop,1714x1142,263,361
desktop,1715x965,222,268
desktop,1755x987,268,480
desktop,1768x992,222,303
desktop,1777x1000,270,1011
desktop,1778x1000,263,361
desktop,1920x1056,196,237
desktop,1922x1080,191,1288
desktop,2048x858,203,406
desktop,2953x1661,187,481
desktop,3200x900,222,443
desktop,360x800,252,398
desktop,393x873,189,189
desktop,412x732,233,233
desktop,712x1138,266,783
desktop,864x1536,247,338
mobile,1366x1366,194,194
mobile,1600x1200,268,268
mobile,2000x2000,189,189
mobile,320x886,266,266
mobile,346x749,222,222
mobile,361x722,240,240
mobile,375x833,240,291
mobile,376x877,219,219
mobile,377x774,238,288
mobile,384x858,215,215
mobile,396x824,247,299
mobile,400x712,249,302
mobile,400x832,196,196
mobile,412x861,219,219
mobile,412x919,191,262
mobile,424x881,201,317
mobile,450x950,219,473
mobile,485x861,228,493
mobile,810x1080,194,194
mobile,834x1194,191,231
mobile,960x600,254,308
tablet,878x1171,224,224
desktop,1024x819,182,182
desktop,1201x676,149,258
desktop,1249x703,221,339
desktop,1252x704,202,459
desktop,1270x715,171,342
desktop,1278x631,191,676
desktop,1301x731,199,305
desktop,1366x657,210,210
desktop,1366x769,155,350
desktop,1392x783,206,206
desktop,1472x734,190,190
desktop,1614x908,219,277
desktop,1680x907,214,541
desktop,1692x3008,177,224
desktop,1700x956,199,252
desktop,1707x961,199,305
desktop,1728x1080,147,187
desktop,1762x991,191,332
desktop,1807x1016,214,327
desktop,1830x1029,151,191
desktop,1920x1031,201,508
desktop,1940x1091,191,191
desktop,1963x1104,160,1687
desktop,1970x1108,158,158
desktop,2112x1188,171,468
desktop,2189x1460,191,332
desktop,2196x1235,210,364
desktop,2235x1257,175,222
desktop,2319x1305,191,242
desktop,2520x1440,186,186
desktop,2560x720,147,187
desktop,2859x1608,151,413
desktop,2867x1200,195,3070
desktop,3008x1253,153,153
desktop,393x830,190,329
desktop,4096x1728,204,409
desktop,428x926,180,228
desktop,5760x1080,188,376
desktop,640x360,201,201
desktop,8000x20000,195,195
desktop,878x494,219,277
desktop,910x512,210,210
desktop,911x512,197,197
mobile,320x664,175,222
mobile,346x615,217,275
mobile,353x745,169,169
mobile,384x853,177,224
mobile,385x790,210,210
mobile,388x861,202,256
mobile,390x952,214,370
mobile,395x877,204,259
mobile,396x836,202,351
mobile,400x845,201,308
mobile,401x867,179,179
mobile,408x907,169,260
mobile,412x766,195,195
mobile,414x828,184,233
mobile,450x1000,219,219
mobile,601x962,180,228
mobile,756x360,151,151
mobile,800x1333,210,1259
tablet,517x826,162,162
tablet,628x1004,193,245
tablet,683x911,147,187
desktop,1048x770,131,131
desktop,1088x615,154,154
desktop,1129x635,143,728
desktop,1130x636,140,242
desktop,1180x820,117,278
desktop,1184x666,157,214
desktop,1191x670,116,116
desktop,1197x673,135,319
desktop,1209x680,138,238
desktop,1210x681,151,151
desktop,1231x821,136,322
desktop,1280x553,113,113
desktop,1281x721,119,248
desktop,1291x727,140,140
desktop,1302x960,147,401
desktop,1313x739,144,197
desktop,1327x746,108,108
desktop,1333x750,146,199
desktop,1360x663,144,197
desktop,1365x768,143,442
desktop,1366x679,111,493
desktop,1366x854,135,135
desktop,1427x951,136,421
desktop,1440x827,159,159
desktop,1444x813,138,325
desktop,1464x823,144,591
desktop,1474x829,126,171
desktop,1512x851,132,180
desktop,1512x945,108,373
desktop,1521x856,136,657
desktop,1524x858,162,280
desktop,1536x766,119,205
desktop,1537x865,136,186
desktop,1587x893,162,162
desktop,1600x901,143,442
desktop,1608x1005,138,376
desktop,1632x1020,153,471
desktop,1638x921,121,210
desktop,1646x926,136,235
desktop,1649x927,147,147
desktop,1650x852,143,338
desktop,1664x1109,153,416
desktop,1677x943,124,215
desktop,1700x1133,128,128
desktop,1718x888,123,212
desktop,1728x3072,147,254
desktop,1745x953,127,127
desktop,1754x987,153,263
desktop,1760x1100,148,1269
desktop,1813x1020,116,158
desktop,1826x1027,111,262
desktop,1891x1064,142,142
desktop,1918x1199,121,950
desktop,1918x938,150,259
desktop,1920x1015,135,135
desktop,1920x1035,140,242
desktop,1920x1048,140,140
desktop,1920x1280,154,210
desktop,1920x1920,159,434
desktop,1920x2160,157,157
desktop,1920x947,150,259
desktop,1920x950,140,434
desktop,1920x972,124,169
desktop,1920x984,147,348
desktop,1920x999,131,179
desktop,1971x1232,126,1118
desktop,2000x1333,128,175
desktop,2021x1137,158,158
desktop,2128x1330,119,205
desktop,2144x1340,159,159
desktop,2192x1233,127,127
desktop,2193x1234,138,138
desktop,2270x1419,157,968
desktop,2304x1440,116,116
desktop,2347x1320,121,376
desktop,2560x1330,150,259
desktop,2560x1377,130,130
desktop,2560x937,159,217
desktop,2580x1080,126,434
desktop,2742x1542,153,361
desktop,2752x1153,109,229
desktop,2816x1584,158,546
desktop,2960x1665,143,247
desktop,3128x1310,154,154
desktop,3153x1320,131,1024
desktop,3200x1000,159,275
desktop,3277x1728,136,471
desktop,3414x960,127,173
desktop,3520x1980,143,338
desktop,640x1024,155,480
desktop,840x525,153,263
desktop,854x683,150,150
desktop,900x1600,119,205
desktop,912x1368,120,208
desktop,985x554,157,157
mobile,320x673,115,115
mobile,320x729,138,138
mobile,320x887,121,121
mobile,339x697,113,113
mobile,346x736,136,136
mobile,346x807,120,208
mobile,347x772,154,154
mobile,353x725,153,153
mobile,360x592,131,131
mobile,360x734,112,112
mobile,376x752,127,219
mobile,376x794,162,162
mobile,377x816,134,279
mobile,377x837,120,120
mobile,384x814,157,541
mobile,384x830,159,159
mobile,393x816,128,222
mobile,393x876,158,158
mobile,412x1005,108,187
mobile,414x888,109,189
mobile,424x890,157,327
mobile,424x989,124,169
mobile,480x853,153,153
mobile,486x1034,157,157
mobile,509x1017,111,262
mobile,732x412,136,421
mobile,753x1205,126,171
mobile,786x393,140,191
mobile,823x412,130,130
mobile,834x1112,159,159
tablet,451x770,113,237
tablet,550x879,154,154
desktop,1000x700,100,138
desktop,1012x569,97,182
desktop,1024x615,94,130
desktop,1045x588,110,151
desktop,1050x590,91,91
desktop,1056x478,85,85
desktop,1067x800,98,135
desktop,1080x2560,106,146
desktop,1085x611,109,109
desktop,1086x611,116,116
desktop,1094x730,107,147
desktop,1095x822,82,155
desktop,1104x690,109,313
desktop,1114x627,98,98
desktop,1120x701,96,96
desktop,1133x638,118,221
desktop,1139x640,106,106
desktop,1143x643,84,84
desktop,1152x2049,91,217
desktop,1155x650,108,108
desktop,1173x660,84,158
desktop,1176x664,83,83
desktop,1178x663,86,119
desktop,1193x671,96,132
desktop,1196x896,82,155
desktop,1199x674,86,86
desktop,1214x682,115,115
desktop,1231x692,81,111
desktop,1238x696,90,124
desktop,1243x700,100,100
desktop,1254x705,91,297
desktop,1260x709,112,112
desktop,1264x711,99,99
desktop,1265x712,100,188
desktop,1278x719,96,228
desktop,1278x852,107,147
desktop,1280x540,99,508
desktop,1280x698,97,316
desktop,1280x853,91,126
desktop,1289x725,102,191
desktop,1289x726,106,199
desktop,1296x2304,112,210
desktop,1300x600,117,117
desktop,1307x735,81,684
desktop,1314x739,116,116
desktop,1316x740,80,80
desktop,1321x743,116,217
desktop,1325x745,92,127
desktop,1332x888,89,89
desktop,1340x753,105,696
desktop,1344x841,117,117
desktop,1350x900,87,87
desktop,1366x1080,93,93
desktop,1366x625,88,88
desktop,1366x689,101,480
desktop,1366x719,92,92
desktop,1366x720,106,106
desktop,1371x771,91,1027
desktop,1376x1152,116,159
desktop,1381x777,111,111
desktop,1397x873,98,368
desktop,1400x875,89,123
desktop,1402x789,86,86
desktop,1404x790,90,90
desktop,1416x1022,97,231
desktop,1418x1031,108,756
desktop,1418x887,93,93
desktop,1420x1031,83,271
desktop,1429x1143,104,976
desktop,1429x804,104,143
desktop,1433x806,87,120
desktop,1455x1091,88,210
desktop,1455x819,89,89
desktop,1480x832,81,81
desktop,1498x699,91,91
desktop,1500x1001,85,246
desktop,1506x848,84,158
desktop,1513x851,86,162
desktop,1522x684,90,124
desktop,1535x864,103,103
desktop,1536x774,111,208
desktop,1536x784,107,401
desktop,1536x863,81,342
desktop,1537x960,90,90
desktop,1556x875,100,138
desktop,1561x877,98,98
desktop,1566x1044,94,130
desktop,1600x1280,85,203
desktop,1600x2560,110,110
desktop,1601x901,115,115
desktop,1604x902,108,148
desktop,1621x1013,113,212
desktop,1628x916,84,116
desktop,1642x924,116,116
desktop,1656x932,81,112
desktop,1657x932,110,110
desktop,1660x934,83,824
desktop,1664x936,105,197
desktop,1665x1110,109,109
desktop,1670x939,94,94
desktop,1675x942,84,201
desktop,1688x950,103,103
desktop,1708x1067,91,126
desktop,1718x926,94,94
desktop,1731x973,113,155
desktop,1745x982,84,84
desktop,1760x1319,100,1552
desktop,1773x997,84,84
desktop,1776x1000,114,157
desktop,1779x895,91,297
desktop,1800x1000,116,116
desktop,1824x1026,86,205
desktop,1824x1140,92,1084
desktop,1825x1216,112,112
desktop,1835x1032,113,423
desktop,1842x1036,114,114
desktop,1865x1049,79,79
desktop,1883x1059,87,87
desktop,1890x3360,100,100
desktop,1904x968,86,119
desktop,1904x978,81,262
desktop,1916x1078,94,130
desktop,1918x1018,106,106
desktop,1920x1006,102,102
desktop,1920x1008,103,142
desktop,1920x1017,80,596
desktop,1920x1027,110,110
desktop,1920x1079,102,102
desktop,1920x515,98,319
desktop,1920x914,116,116
desktop,1920x936,99,186
desktop,1920x938,85,85
desktop,1920x960,81,111
desktop,1920x962,85,278
desktop,1920x963,83,240
desktop,1920x968,100,325
desktop,1920x985,106,252
desktop,1920x996,101,240
desktop,1925x813,100,889
desktop,1966x823,95,179
desktop,1997x1332,93,175
desktop,2014x1133,97,97
desktop,2021x1136,95,226
desktop,2048x1169,98,135
desktop,2049x1153,111,111
desktop,2049x864,105,144
desktop,2082x1171,114,2463
desktop,2082x1172,111,319
desktop,2127x1196,107,107
desktop,2134x900,91,91
desktop,2189x1231,115,115
desktop,2208x1242,80,229
desktop,2227x1253,81,81
desktop,2261x1272,118,722
desktop,2293x960,83,83
desktop,2297x1292,80,109
desktop,2307x1298,98,417
desktop,2327x1309,88,166
desktop,2341x1235,116,217
desktop,2349x1322,103,193
desktop,2394x1347,111,153
desktop,2400x1300,108,108
desktop,2400x1500,109,409
desktop,2400x1600,79,79
desktop,2400x1920,118,118
desktop,2439x1372,104,143
desktop,2465x1032,107,508
desktop,2560x1072,87,164
desktop,2560x880,110,110
desktop,2646x1107,100,613
desktop,2752x1548,79,481
desktop,2844x1600,85,523
desktop,2859x1206,95,179
desktop,3000x2000,101,101
desktop,3072x960,103,103
desktop,3116x1305,94,660
desktop,3206x1804,102,102
desktop,320x658,83,115
desktop,3340x1392,101,101
desktop,3392x1431,80,80
desktop,3406x1426,116,492
desktop,3490x1963,100,100
desktop,3780x2160,96,132
desktop,3840x2400,88,254
desktop,390x844,111,263
desktop,393x817,117,380
desktop,3969x1117,111,1817
desktop,4800x3000,89,123
desktop,5120x2160,81,111
desktop,600x960,81,387
desktop,675x1080,110,357
desktop,768x1366,96,96
desktop,800x1334,116,116
desktop,853x683,105,105
desktop,960x1440,112,112
desktop,960x640,82,350
mobile,0x0,90,90
mobile,1024x640,114,114
mobile,1109x624,94,94
mobile,1152x720,96,180
mobile,1200x1200,85,85
mobile,1440x900,85,117
mobile,1792x1120,92,92
mobile,320x672,93,93
mobile,320x682,96,96
mobile,320x685,106,106
mobile,320x747,84,84
mobile,339x735,82,82
mobile,343x686,103,103
mobile,347x752,79,79
mobile,350x699,114,114
mobile,360x600,79,79
mobile,360x672,81,81
mobile,360x680,86,86
mobile,360x692,87,120
mobile,360x744,105,249
mobile,360x754,103,103
mobile,375x792,105,538
mobile,376x782,94,94
mobile,377x670,88,121
mobile,378x832,115,115
mobile,384x817,110,110
mobile,385x683,85,117
mobile,385x769,113,113
mobile,385x858,111,263
mobile,393x784,110,151
mobile,393x824,117,161
mobile,400x640,90,90
mobile,400x800,106,199
mobile,400x854,103,296
mobile,400x856,92,92
mobile,400x880,93,93
mobile,406x879,82,82
mobile,411x913,118,118
mobile,412x862,118,118
mobile,412x874,83,156
mobile,412x889,108,256
mobile,414x688,100,100
mobile,414x836,114,114
mobile,414x861,81,81
mobile,421x888,94,94
mobile,421x911,97,97
mobile,444x987,101,101
mobile,450x800,90,90
mobile,450x900,110,110
mobile,450x975,79,79
mobile,454x958,115,115
mobile,455x927,99,285
mobile,461x1024,115,115
mobile,468x962,92,92
mobile,485x1049,93,93
mobile,491x1021,103,103
mobile,501x1058,118,118
mobile,501x1086,99,136
mobile,562x1167,109,259
mobile,573x575,89,123
mobile,600x1024,95,95
mobile,600x960,117,161
mobile,640x1024,102,625
mobile,674x842,96,132
mobile,694x320,110,110
mobile,747x1195,110,206
mobile,820x1180,115,115
mobile,848x424,86,86
mobile,884x408,110,110
tablet,1102x689,92,92
tablet,1171x878,107,254
tablet,1443x902,87,87
tablet,1463x915,81,81
tablet,375x667,90,90
tablet,674x842,117,277
tablet,686x1143,84,84
tablet,706x1130,102,140
tablet,728x1164,85,85
tablet,854x534,85,160
tablet,911x683,103,103
tablet,960x540,85,117
tablet,976x610,81,81
desktop,1000x1000,48,48
desktop,1000x1600,40,231
desktop,1000x500,52,52
desktop,1000x956,51,101
desktop,1003x693,41,41
desktop,1011x569,40,40
desktop,1016x572,49,49
desktop,1016x746,54,54
desktop,1024x606,51,51
desktop,1024x614,54,54
desktop,1024x800,54,54
desktop,1024x818,47,47
desktop,1038x584,50,50
desktop,1041x586,55,153
desktop,1042x586,44,164
desktop,1042x833,46,91
desktop,1043x652,53,53
desktop,1048x589,48,48
desktop,1050x657,45,45
desktop,1051x591,50,50
desktop,1053x592,49,49
desktop,1056x660,40,109
desktop,1057x661,46,46
desktop,1058x596,53,53
desktop,1067x1707,53,105
desktop,1067x853,47,47
desktop,1068x600,52,52
desktop,1075x672,47,94
desktop,1075x806,54,54
desktop,1076x605,55,55
desktop,1076x606,52,52
desktop,1076x672,47,47
desktop,1080x1898,58,58
desktop,1080x2048,47,93
desktop,1080x640,54,54
desktop,1080x810,50,50
desktop,1085x610,40,40
desktop,1088x614,52,52
desktop,1091x1746,52,195
desktop,1094x615,56,56
desktop,1095x616,54,308
desktop,1097x617,41,41
desktop,1098x686,44,87
desktop,1098x732,50,50
desktop,1100x1000,39,39
desktop,1100x600,59,59
desktop,1100x900,55,55
desktop,1102x620,42,42
desktop,1102x742,41,41
desktop,1106x649,44,88
desktop,1112x741,50,322
desktop,1112x834,54,54
desktop,1113x890,45,89
desktop,1115x630,51,51
desktop,1116x756,55,55
desktop,1119x630,41,194
desktop,1120x840,40,40
desktop,1123x632,47,47
desktop,1128x902,53,53
desktop,1130x834,49,49
desktop,1141x642,48,48
desktop,1148x646,47,47
desktop,1150x647,50,50
desktop,1157x651,48,48
desktop,1158x651,39,39
desktop,1159x773,47,47
desktop,1161x928,54,54
desktop,1162x775,40,40
desktop,1163x772,50,50
desktop,1168x657,51,51
desktop,1169x658,58,58
desktop,1173x939,45,169
desktop,1175x661,43,43
desktop,1175x881,40,81
desktop,1182x738,40,447
desktop,1182x887,41,234
desktop,1186x570,59,59
desktop,1186x667,55,55
desktop,1187x793,58,58
desktop,1188x668,49,462
desktop,1191x794,45,45
desktop,1192x838,43,43
desktop,1195x747,55,825
desktop,1195x896,50,50
desktop,1197x958,48,48
desktop,1200x1366,57,57
desktop,1200x600,42,42
desktop,1200x607,47,47
desktop,1200x675,48,179
desktop,1202x676,53,53
desktop,1204x753,56,56
desktop,1205x753,51,102
desktop,1209x756,55,110
desktop,1209x882,41,41
desktop,1213x809,47,47
desktop,1214x538,57,57
desktop,1219x686,57,57
desktop,1228x690,44,44
desktop,1228x768,41,41
desktop,1229x691,47,47
desktop,1229x768,50,136
desktop,1230x692,47,47
desktop,1231x693,49,49
desktop,1231x770,50,50
desktop,1232x735,50,50
desktop,1232x770,45,45
desktop,1233x822,44,44
desktop,1234x731,46,46
desktop,1236x722,58,117
desktop,1237x699,53,53
desktop,1242x698,50,100
desktop,1250x833,40,81
desktop,1253x805,45,89
desktop,1254x942,41,41
desktop,1255x706,47,47
desktop,1256x706,50,50
desktop,1264x632,39,39
desktop,1264x768,49,49
desktop,1267x845,44,166
desktop,1271x847,50,99
desktop,1272x873,41,41
desktop,1275x648,51,51
desktop,1275x797,52,52
desktop,1278x799,50,138
desktop,1278x927,53,53
desktop,1279x800,57,114
desktop,1280x1280,41,41
desktop,1280x587,57,57
desktop,1280x631,47,130
desktop,1280x644,55,55
desktop,1280x679,41,113
desktop,1280x707,53,53
desktop,1280x711,52,103
desktop,1280x719,54,109
desktop,1280x801,56,154
desktop,1280x819,49,49
desktop,1280x850,55,55
desktop,1280x914,58,58
desktop,1280x932,53,106
desktop,1281x801,54,54
desktop,1286x724,54,54
desktop,1286x804,41,112
desktop,1288x805,55,111
desktop,1292x808,44,44
desktop,1297x547,57,57
desktop,1298x811,47,47
desktop,1299x730,46,46
desktop,1300x1000,43,43
desktop,1300x800,50,50
desktop,1300x868,49,49
desktop,1301x732,54,54
desktop,1302x733,52,52
desktop,1304x886,55,55
desktop,1306x625,40,40
desktop,1306x672,49,49
desktop,1307x736,42,115
desktop,1309x2327,42,42
desktop,1310x819,40,40
desktop,1311x737,54,54
desktop,1313x2100,47,47
desktop,1316x877,54,54
desktop,1318x825,51,51
desktop,1324x745,52,52
desktop,1332x889,45,45
desktop,1334x750,48,48
desktop,1334x800,44,328
desktop,1335x751,49,49
desktop,1336x794,46,46
desktop,1344x1008,54,54
desktop,1344x839,57,57
desktop,1347x1078,46,46
desktop,1350x843,54,54
desktop,1353x761,52,52
desktop,1354x762,48,179
desktop,1354x847,50,186
desktop,1355x847,52,52
desktop,1355x903,53,53
desktop,1356x763,45,45
desktop,1357x808,54,54
desktop,1359x850,59,59
desktop,1360x1019,57,698
desktop,1360x681,45,89
desktop,1362x616,43,43
desktop,1362x766,46,46
desktop,1363x766,54,109
desktop,1365x720,44,453
desktop,1366x600,39,39
desktop,1366x601,50,50
desktop,1366x656,57,57
desktop,1366x662,51,190
desktop,1366x667,42,42
desktop,1366x688,51,51
desktop,1366x704,54,308
desktop,1366x705,52,143
desktop,1366x745,55,55
desktop,1366x843,52,52
desktop,1368x913,46,46
desktop,1369x912,56,56
desktop,1372x858,52,103
desktop,1373x803,45,45
desktop,1374x859,52,1353
desktop,1376x805,40,81
desktop,1376x860,55,55
desktop,1377x774,58,58
desktop,1378x775,56,113
desktop,1379x776,39,39
desktop,1380x776,50,50
desktop,1381x793,51,51
desktop,1382x864,50,50
desktop,1385x940,55,55
desktop,1387x780,58,58
desktop,1393x783,56,212
desktop,1395x847,53,53
desktop,1396x940,46,46
desktop,1399x875,47,47
desktop,1400x700,44,44
desktop,1400x740,48,180
desktop,1400x800,51,51
desktop,1400x818,57,57
desktop,1400x876,39,39
desktop,1401x855,50,50
desktop,1406x938,55,55
desktop,1408x605,46,46
desktop,1411x2258,40,40
desktop,1412x794,40,40
desktop,1413x883,58,58
desktop,1416x797,58,58
desktop,1416x908,45,45
desktop,1422x1138,58,58
desktop,1423x889,45,45
desktop,1424x802,58,58
desktop,1426x1028,55,55
desktop,1428x893,46,46
desktop,1429x907,40,40
desktop,1432x805,45,45
desktop,1433x955,45,1310
desktop,1434x894,42,156
desktop,1438x808,44,44
desktop,1438x809,48,48
desktop,1439x899,51,101
desktop,1440x1080,55,151
desktop,1440x2160,46,46
desktop,1440x747,46,92
desktop,1440x780,54,54
desktop,1440x789,51,51
desktop,1440x817,48,309
desktop,1440x824,54,109
desktop,1440x847,55,55
desktop,1440x901,48,48
desktop,1442x954,56,56
desktop,1451x1135,49,98
desktop,1452x817,55,111
desktop,1456x819,53,53
desktop,1457x819,48,96
desktop,1458x756,52,52
desktop,1458x820,49,49
desktop,1460x821,45,90
desktop,1460x822,58,1373
desktop,1462x822,57,57
desktop,1464x824,41,41
desktop,1466x917,50,325
desktop,1467x918,53,106
desktop,1468x825,58,58
desktop,1468x826,40,40
desktop,1472x920,42,42
desktop,1475x922,42,83
desktop,1476x923,50,100
desktop,1477x1119,52,104
desktop,1477x924,52,52
desktop,1478x831,46,46
desktop,1480x927,52,143
desktop,1480x986,55,208
desktop,1482x1124,51,139
desktop,1483x834,41,41
desktop,1484x834,42,42
desktop,1484x835,50,100
desktop,1489x1117,58,58
desktop,1493x840,53,106
desktop,1493x933,46,1324
desktop,1498x843,46,126
desktop,1500x2400,50,50
desktop,1500x741,59,59
desktop,1505x1000,51,51
desktop,1505x847,48,589
desktop,1506x847,51,101
desktop,1507x847,51,51
desktop,1512x853,44,44
desktop,1515x853,49,49
desktop,1518x853,50,50
desktop,1519x747,50,50
desktop,1520x788,50,50
desktop,1521x855,54,54
desktop,1523x773,43,162
desktop,1523x951,52,52
desktop,1524x775,40,191
desktop,1524x857,50,50
desktop,1524x953,42,42
desktop,1534x693,43,43
desktop,1534x864,42,84
desktop,1535x760,54,54
desktop,1536x1025,42,42
desktop,1536x698,58,58
desktop,1536x750,49,49
desktop,1536x755,48,48
desktop,1536x770,44,44
desktop,1536x938,49,98
desktop,1538x704,50,50
desktop,1539x866,43,162
desktop,1540x794,59,221
desktop,1540x867,51,51
desktop,1540x910,50,50
desktop,1544x1320,44,44
desktop,1549x871,58,117
desktop,1550x1034,49,49
desktop,1550x969,39,39
desktop,1552x1026,42,115
desktop,1554x839,55,55
desktop,1554x874,44,44
desktop,1563x879,45,89
desktop,1569x883,55,55
desktop,1573x885,51,140
desktop,1575x2520,54,54
desktop,1575x886,48,48
desktop,1576x887,51,51
desktop,1576x981,50,99
desktop,1580x1024,46,46
desktop,1584x1268,53,53
desktop,1590x960,40,40
desktop,1596x1011,49,135
desktop,1596x898,44,44
desktop,1600x1062,45,45
desktop,1600x763,43,43
desktop,1600x792,47,47
desktop,1600x811,43,43
desktop,1600x837,55,55
desktop,1600x841,54,54
desktop,1600x844,45,45
desktop,1600x851,54,109
desktop,1600x856,41,153
desktop,1601x1067,43,43
desktop,1603x903,56,56
desktop,1606x903,46,46
desktop,1613x1008,55,206
desktop,1616x828,53,252
desktop,1617x909,45,45
desktop,1617x910,53,53
desktop,1618x910,46,91
desktop,1618x924,47,47
desktop,1620x1081,47,47
desktop,1620x991,54,150
desktop,1621x912,52,52
desktop,1624x1080,48,48
desktop,1625x1005,51,102
desktop,1626x864,47,47
desktop,1630x922,41,41
desktop,1631x1019,50,50
desktop,1632x1005,45,89
desktop,1638x922,41,41
desktop,1639x1024,54,109
desktop,1639x1229,54,54
desktop,1641x923,51,240
desktop,1642x1026,57,114
desktop,1650x1050,44,44
desktop,1655x931,54,150
desktop,1661x935,53,105
desktop,1662x925,40,40
desktop,1663x1108,50,50
desktop,1664x966,45,45
desktop,1666x937,46,126
desktop,1670x1045,57,114
desktop,1670x886,46,46
desktop,1670x928,40,40
desktop,1671x940,39,39
desktop,1672x950,47,94
desktop,1673x889,54,109
desktop,1674x942,45,89
desktop,1676x950,41,82
desktop,1678x853,56,56
desktop,1680x925,55,55
desktop,1680x928,43,43
desktop,1680x936,40,109
desktop,1680x938,40,40
desktop,1680x950,52,104
desktop,1680x961,50,50
desktop,1680x987,50,99
desktop,1684x947,51,51
desktop,1687x706,56,112
desktop,1690x1056,49,233
desktop,1692x952,54,54
desktop,1693x953,42,84
desktop,1699x956,43,410
desktop,1700x960,54,54
desktop,1705x883,47,353
desktop,1706x959,47,47
desktop,1707x900,56,56
desktop,1708x961,39,39
desktop,1708x962,56,56
desktop,1714x964,56,56
desktop,1718x895,55,153
desktop,1724x969,44,44
desktop,1728x3073,48,131
desktop,1730x862,56,113
desktop,1738x886,54,54
desktop,1738x890,44,44
desktop,1738x978,44,44
desktop,1742x980,48,48
desktop,1743x981,46,126
desktop,1746x983,43,43
desktop,1747x1091,40,40
desktop,1747x982,52,52
desktop,1747x983,48,48
desktop,1748x950,57,57
desktop,1749x984,50,50
desktop,1758x1008,50,50
desktop,1760x1262,45,45
desktop,1760x1440,59,59
desktop,1762x1175,42,84
desktop,1763x991,46,46
desktop,1764x1004,54,107
desktop,1765x992,53,53
desktop,1767x1105,53,105
desktop,1776x999,46,262
desktop,1778x1001,41,81
desktop,1778x1112,51,860
desktop,1779x1000,48,48
desktop,1780x1001,53,106
desktop,1782x916,48,95
desktop,1787x1340,41,153
desktop,1790x1007,50,50
desktop,1792x1008,57,57
desktop,1792x1017,42,42
desktop,1792x906,54,54
desktop,1792x986,53,53
desktop,1797x1011,42,83
desktop,1800x1012,54,54
desktop,1800x1200,48,48
desktop,1800x3200,43,43
desktop,1800x937,47,47
desktop,1802x1008,49,49
desktop,1804x1014,47,47
desktop,1806x1016,48,48
desktop,1807x1015,41,153
desktop,1810x1018,53,53
desktop,1812x1208,58,58
desktop,1818x1022,53,53
desktop,1821x1024,50,100
desktop,1826x961,48,48
desktop,1827x1028,54,54
desktop,1828x1028,46,46
desktop,1828x975,55,55
desktop,1829x1030,58,58
desktop,1829x1143,48,180
desktop,1830x1143,45,45
desktop,1832x904,52,143
desktop,1833x1015,48,226
desktop,1834x1031,45,123
desktop,1837x906,51,51
desktop,1838x1000,54,54
desktop,1840x975,52,52
desktop,1842x1048,56,56
desktop,1842x1080,43,43
desktop,1843x1036,54,54
desktop,1843x1037,57,57
desktop,1846x1006,54,107
desktop,1846x1015,58,58
desktop,1846x965,43,117
desktop,1847x1154,40,81
desktop,1848x1155,56,212
desktop,1849x1013,58,58
desktop,1852x1001,53,146
desktop,1852x1020,55,55
desktop,1852x970,43,43
desktop,1856x1015,50,50
desktop,1856x1031,45,90
desktop,1856x1080,54,54
desktop,1858x1031,48,48
desktop,1858x977,45,45
desktop,1858x978,41,81
desktop,1860x1049,52,52
desktop,1861x1047,58,58
desktop,1862x1036,44,44
desktop,1862x1048,51,51
desktop,1870x972,39,39
desktop,1872x1248,48,131
desktop,1876x1173,58,159
desktop,1882x1059,48,48
desktop,1884x1023,42,42
desktop,1888x960,49,49
desktop,1890x1008,47,47
desktop,1892x1065,42,433
desktop,1900x1069,42,42
desktop,1900x1200,42,749
desktop,1900x900,42,42
desktop,1901x1188,46,91
desktop,1901x1189,58,58
desktop,1902x966,54,54
desktop,1902x978,58,58
desktop,1902x990,49,233
desktop,1904x1128,52,52
desktop,1904x958,54,54
desktop,1905x1071,45,45
desktop,1908x999,59,59
desktop,1909x1002,54,54
desktop,1909x1074,43,162
desktop,1909x1273,54,54
desktop,1910x1095,57,57
desktop,1910x905,41,41
desktop,1910x988,41,41
desktop,1912x800,47,47
desktop,1914x975,51,191
desktop,1915x1077,51,51
desktop,1916x1008,58,58
desktop,1916x1198,44,87
desktop,1916x927,44,87
desktop,1916x996,41,81
desktop,1916x998,52,104
desktop,1918x1004,59,59
desktop,1918x1095,46,46
desktop,1918x1568,40,40
desktop,1918x885,56,56
desktop,1918x888,51,51
desktop,1918x926,43,43
desktop,1918x966,55,55
desktop,1919x1079,47,47
desktop,1919x1125,46,46
desktop,1920x1000,48,48
desktop,1920x1001,55,55
desktop,1920x1010,47,47
desktop,1920x1012,51,51
desktop,1920x1013,57,57
desktop,1920x1018,42,83
desktop,1920x1028,50,50
desktop,1920x1030,48,48
desktop,1920x1032,58,376
desktop,1920x1050,52,52
desktop,1920x1057,41,41
desktop,1920x1059,51,51
desktop,1920x1094,47,94
desktop,1920x1115,58,116
desktop,1920x1135,49,135
desktop,1920x1137,52,52
desktop,1920x1146,44,87
desktop,1920x1176,55,55
desktop,1920x1178,49,98
desktop,1920x1440,51,51
desktop,1920x1600,59,59
desktop,1920x915,44,44
desktop,1920x970,40,453
desktop,1920x979,48,48
desktop,1920x982,40,338
desktop,1920x987,48,95
desktop,1920x993,54,54
desktop,1920x995,53,53
desktop,1921x1080,52,52
desktop,1934x1201,54,54
desktop,1939x1090,46,46
desktop,1949x1097,45,45
desktop,1949x1101,53,53
desktop,1950x1097,51,101
desktop,1966x1105,53,305
desktop,1967x1106,49,49
desktop,1969x1107,53,1643
desktop,1972x1109,45,169
desktop,1995x1123,53,106
desktop,2000x1125,39,295
desktop,2003x1126,45,89
desktop,2007x840,51,51
desktop,2009x1130,40,40
desktop,2013x1133,58,161
desktop,2020x1136,42,42
desktop,2026x1140,47,130
desktop,2027x1141,48,226
desktop,2040x1152,49,97
desktop,2042x1148,44,44
desktop,2045x1048,46,46
desktop,2047x1280,52,52
desktop,2048x1281,58,58
desktop,2048x2160,40,109
desktop,2048x865,48,95
desktop,2083x1172,47,2891
desktop,2095x1178,48,96
desktop,2099x1181,54,54
desktop,2099x886,52,52
desktop,2112x1320,41,41
desktop,2116x886,45,123
desktop,2118x1191,49,49
desktop,2118x1324,45,90
desktop,2124x1132,46,46
desktop,2127x897,54,54
desktop,2133x900,45,90
desktop,2134x1201,55,55
desktop,2136x1201,54,54
desktop,2136x1202,54,108
desktop,2137x1202,53,53
desktop,2143x1205,45,45
desktop,2150x1210,46,127
desktop,2150x1344,46,126
desktop,2150x900,44,88
desktop,2152x1006,57,57
desktop,2157x1213,47,94
desktop,2160x1350,58,159
desktop,2168x1219,40,40
desktop,2170x1522,51,51
desktop,2191x1233,54,108
desktop,2193x1371,53,53
desktop,2194x1210,51,51
desktop,2195x1236,39,39
desktop,2220x930,45,45
desktop,2226x1252,47,94
desktop,2232x1271,52,195
desktop,2235x943,47,47
desktop,2238x924,59,59
desktop,2244x1262,39,39
desktop,2254x1268,44,88
desktop,2256x1200,57,57
desktop,2258x1270,54,54
desktop,2258x900,57,57
desktop,2260x1270,44,44
desktop,2261x1413,48,48
desktop,2266x1618,49,49
desktop,2275x1280,46,46
desktop,2283x1284,53,53
desktop,2285x1285,57,57
desktop,2286x965,58,58
desktop,2287x1154,59,339
desktop,2318x1304,54,54
desktop,2326x1309,44,376
desktop,2328x1455,55,55
desktop,2340x1316,54,54
desktop,2341x1316,40,40
desktop,2341x1317,49,49
desktop,2347x990,44,44
desktop,2354x1244,51,101
desktop,2356x1292,40,40
desktop,2360x1332,58,58
desktop,2363x1329,43,43
desktop,2373x994,39,39
desktop,2392x1368,56,112
desktop,2399x1350,51,51
desktop,2408x1355,51,51
desktop,2408x1505,49,49
desktop,2414x1358,55,55
desktop,2430x1620,59,59
desktop,2439x1029,45,45
desktop,2458x1029,43,43
desktop,2461x1384,43,43
desktop,2462x1385,55,55
desktop,2464x1031,51,51
desktop,2480x1038,54,54
desktop,2488x1332,41,41
desktop,2506x1405,43,43
desktop,2507x1410,43,43
desktop,2525x1057,44,44
desktop,2530x1059,52,52
desktop,2535x1426,44,44
desktop,2536x1062,57,114
desktop,2540x1328,54,204
desktop,2544x1018,49,97
desktop,2544x1338,45,45
desktop,2546x1164,47,224
desktop,2550x1248,45,45
desktop,2556x1065,54,54
desktop,2556x1368,52,52
desktop,2558x1035,50,50
desktop,2558x1439,57,57
desktop,2560x1040,48,48
desktop,2560x1274,44,371
desktop,2560x1297,53,53
desktop,2560x1298,48,48
desktop,2560x1302,46,46
desktop,2560x1310,51,51
desktop,2560x1329,41,153
desktop,2560x1332,57,57
desktop,2560x1335,40,40
desktop,2560x1344,51,51
desktop,2560x1350,44,166
desktop,2560x1370,49,231
desktop,2560x1387,48,48
desktop,2560x1514,43,86
desktop,2560x1537,49,364
desktop,2560x1568,47,47
desktop,2560x984,54,148
desktop,2592x1458,52,52
desktop,2592x1728,42,42
desktop,2593x1729,50,99
desktop,2597x1087,48,48
desktop,2600x1462,45,123
desktop,2602x1723,44,44
desktop,2616x1006,40,40
desktop,2632x1481,40,81
desktop,2633x1481,50,372
desktop,2637x1104,55,55
desktop,2642x1486,57,698
desktop,2647x1108,50,50
desktop,2652x1110,43,43
desktop,2664x1408,48,132
desktop,2666x1408,48,48
desktop,2688x1680,56,56
desktop,2693x1515,43,162
desktop,2730x1536,52,103
desktop,2731x1441,42,158
desktop,2732x1536,51,51
desktop,2743x1543,56,56
desktop,2752x1147,46,46
desktop,2753x1152,55,55
desktop,2774x1161,47,47
desktop,2793x1571,57,57
desktop,2794x1164,59,59
desktop,2809x1176,43,278
desktop,2836x1182,57,114
desktop,2836x1596,48,48
desktop,2837x1596,40,81
desktop,2859x1787,53,53
desktop,2886x796,40,40
desktop,2891x1626,54,54
desktop,2896x1629,46,46
desktop,2925x1645,47,47
desktop,2926x823,50,99
desktop,2935x1228,43,86
desktop,2944x1656,41,41
desktop,2950x1659,58,58
desktop,2952x1661,48,132
desktop,2998x1600,49,49
desktop,3000x1687,44,44
desktop,3003x1257,47,1013
desktop,3008x1586,53,106
desktop,3008x846,54,109
desktop,3018x1264,57,57
desktop,3034x1706,54,108
desktop,3041x1819,57,57
desktop,3072x1620,56,56
desktop,3073x1280,55,55
desktop,3096x1296,48,48
desktop,3174x893,59,280
desktop,3177x1787,39,39
desktop,3200x1200,59,59
desktop,3200x1252,41,41
desktop,3200x2000,56,56
desktop,3206x1336,57,57
desktop,320x640,58,58
desktop,320x676,48,48
desktop,320x694,45,45
desktop,3214x1366,54,54
desktop,3240x1920,57,57
desktop,3243x1368,42,84
desktop,3277x1844,49,49
desktop,3283x1026,58,58
desktop,3292x1852,45,89
desktop,3328x1872,39,79
desktop,3351x1885,42,156
desktop,3360x1400,50,50
desktop,3360x1418,44,44
desktop,3360x1502,58,58
desktop,3360x2100,40,151
desktop,3360x836,56,56
desktop,3366x1893,43,43
desktop,3387x1417,40,40
desktop,3413x1920,50,50
desktop,3413x960,43,43
desktop,3440x1330,44,121
desktop,3456x2160,46,46
desktop,3460x973,57,157
desktop,3478x1957,58,58
desktop,3491x1455,44,87
desktop,3491x1964,58,58
desktop,3510x1974,53,106
desktop,3520x1200,49,49
desktop,3605x1998,51,240
desktop,360x740,44,44
desktop,360x748,54,54
desktop,360x770,46,46
desktop,360x771,43,205
desktop,3623x2038,45,45
desktop,3654x1978,51,140
desktop,375x813,54,148
desktop,3766x1970,40,40
desktop,3768x1484,44,44
desktop,3786x2034,59,118
desktop,3804x2010,48,96
desktop,3836x2012,53,53
desktop,3836x2155,45,45
desktop,3838x2159,52,52
desktop,3840x1134,42,271
desktop,3840x2030,40,40
desktop,3840x2079,40,80
desktop,3840x720,58,58
desktop,3841x1608,40,644
desktop,3845x1344,45,45
desktop,384x832,42,42
desktop,384x845,40,40
desktop,3862x1616,48,131
desktop,393x808,49,49
desktop,400x867,53,53
desktop,4064x1143,55,55
desktop,4096x2136,52,104
desktop,411x731,45,45
desktop,414x736,47,47
desktop,424x753,53,53
desktop,424x848,46,265
desktop,4267x2400,40,40
desktop,4268x1200,44,44
desktop,4275x1203,55,55
desktop,4288x2412,57,57
desktop,4480x1080,54,54
desktop,450x800,57,115
desktop,4551x1280,48,357
desktop,455x910,55,55
desktop,4637x1305,47,94
desktop,463x1002,46,46
desktop,463x925,43,43
desktop,4800x2700,47,47
desktop,485x1022,45,45
desktop,491x1021,58,58
desktop,491x1091,44,44
desktop,5000x5000,46,46
desktop,5053x948,50,50
desktop,5120x1386,46,46
desktop,534x854,46,46
desktop,560x350,54,54
desktop,576x324,49,49
desktop,6000x4000,41,155
desktop,600x1024,42,83
desktop,6400x1800,50,50
desktop,6400x3600,48,48
desktop,6400x4000,54,54
desktop,640x512,49,49
desktop,641x1024,49,49
desktop,686x1098,45,45
desktop,717x448,59,59
desktop,720x1280,44,44
desktop,740x360,58,58
desktop,753x1205,47,47
desktop,7680x2160,51,51
desktop,768x432,57,57
desktop,780x360,40,40
desktop,796x448,47,47
desktop,800x480,44,121
desktop,820x480,54,107
desktop,820x615,50,50
desktop,825x1318,40,40
desktop,832x468,51,102
desktop,847x477,56,56
desktop,854x1280,49,49
desktop,854x534,57,57
desktop,864x1152,43,85
desktop,864x1537,44,44
desktop,872x1549,51,51
desktop,882x496,47,47
desktop,891x557,56,56
desktop,896x560,45,45
desktop,897x877,58,58
desktop,899x719,45,547
desktop,911x683,53,53
desktop,912x608,54,54
desktop,917x516,40,40
desktop,926x521,45,45
desktop,931x524,46,46
desktop,936x527,46,46
desktop,946x631,48,132
desktop,946x757,42,201
desktop,949x759,55,55
desktop,956x668,53,105
desktop,957x718,42,42
desktop,958x927,48,48
desktop,958x956,56,56
desktop,958x959,53,53
desktop,960x1536,46,262
desktop,960x1707,58,58
desktop,970x546,57,57
desktop,981x613,54,147
desktop,983x553,56,56
desktop,988x659,41,153
desktop,990x1760,41,81
desktop,993x795,42,42
desktop,998x561,54,54
desktop,999x800,54,54
mobile,1000x1000,59,59
mobile,1024x768,42,42
mobile,1072x1448,41,81
mobile,1080x1920,51,51
mobile,1121x865,53,53
mobile,1130x509,49,49
mobile,1130x706,55,206
mobile,1133x680,51,51
mobile,1134x635,46,92
mobile,1138x712,53,106
mobile,1186x1778,46,46
mobile,1195x747,48,48
mobile,1205x706,46,91
mobile,1280x720,54,54
mobile,1280x854,52,52
mobile,1280x900,44,44
mobile,1307x818,58,58
mobile,1333x800,40,1600
mobile,1334x800,54,54
mobile,2420x1695,58,58
mobile,320x512,45,45
mobile,320x678,56,112
mobile,322x892,43,85
mobile,324x648,41,155
mobile,324x666,41,113
mobile,324x672,42,42
mobile,324x673,43,43
mobile,324x681,43,43
mobile,324x684,50,50
mobile,324x720,59,118
mobile,334x595,52,52
mobile,336x597,58,58
mobile,342x513,44,44
mobile,342x606,42,42
mobile,344x688,54,54
mobile,344x745,39,39
mobile,346x712,40,40
mobile,346x724,54,54
mobile,346x730,45,45
mobile,346x768,49,49
mobile,348x618,58,58
mobile,351x702,46,46
mobile,353x627,51,51
mobile,355x768,50,138
mobile,356x759,48,48
mobile,357x671,48,48
mobile,360x3000,54,54
mobile,360x524,54,54
mobile,360x585,56,56
mobile,360x598,49,49
mobile,360x686,54,54
mobile,360x722,40,40
mobile,360x732,57,57
mobile,360x735,42,42
mobile,360x753,54,54
mobile,360x755,45,45
mobile,360x774,43,117
mobile,368x654,56,56
mobile,371x659,53,53
mobile,371x762,45,89
mobile,372x661,57,158
mobile,372x827,54,54
mobile,375x781,46,46
mobile,375x785,51,291
mobile,375x790,56,56
mobile,376x564,42,42
mobile,377x730,46,127
mobile,378x762,51,51
mobile,378x798,41,41
mobile,378x800,59,59
mobile,378x807,51,51
mobile,384x640,46,46
mobile,384x684,56,56
mobile,384x804,54,54
mobile,385x897,53,53
mobile,391x867,54,54
mobile,392x600,55,55
mobile,392x871,49,135
mobile,393x742,42,42
mobile,393x798,59,59
mobile,393x839,47,47
mobile,393x840,50,50
mobile,394x699,54,54
mobile,396x579,54,109
mobile,396x704,48,48
mobile,396x781,48,95
mobile,396x823,51,139
mobile,400x825,44,44
mobile,400x833,58,58
mobile,400x840,43,43
mobile,400x853,40,40
mobile,404x898,47,94
mobile,408x419,47,47
mobile,408x678,58,116
mobile,408x762,47,47
mobile,408x810,47,47
mobile,408x845,41,41
mobile,408x875,49,49
mobile,410x910,44,44
mobile,411x821,49,97
mobile,411x822,52,52
mobile,411x823,48,48
mobile,411x914,45,45
mobile,412x778,46,46
mobile,412x797,58,58
mobile,412x880,41,112
mobile,414x621,51,51
mobile,414x795,45,45
mobile,414x816,49,49
mobile,414x943,58,159
mobile,420x887,59,162
mobile,420x910,43,43
mobile,421x876,53,53
mobile,421x884,54,54
mobile,421x935,48,131
mobile,422x914,56,56
mobile,422x927,57,57
mobile,422x936,54,54
mobile,424x706,48,48
mobile,424x795,42,42
mobile,424x860,55,55
mobile,431x767,47,47
mobile,432x888,47,175
mobile,432x912,58,58
mobile,432x951,52,52
mobile,432x984,52,52
mobile,434x867,48,48
mobile,437x922,50,50
mobile,437x946,43,119
mobile,440x954,49,49
mobile,442x932,55,55
mobile,443x942,46,46
mobile,444x789,41,41
mobile,450x925,41,41
mobile,450x990,41,41
mobile,455x952,56,56
mobile,455x982,43,86
mobile,458x1016,58,58
mobile,458x813,55,55
mobile,459x1120,45,45
mobile,461x1014,47,47
mobile,461x948,46,46
mobile,461x999,52,52
mobile,468x988,47,130
mobile,480x1013,46,46
mobile,480x987,54,54
mobile,481x913,46,46
mobile,483x1046,40,40
mobile,485x1076,44,44
mobile,486x1010,45,45
mobile,486x1026,56,113
mobile,486x1053,54,54
mobile,486x1079,51,51
mobile,486x971,48,48
mobile,486x972,47,2845
mobile,493x1151,59,59
mobile,501x1002,45,45
mobile,501x1102,48,48
mobile,509x1130,46,92
mobile,513x1140,56,56
mobile,517x1004,48,48
mobile,521x1128,54,54
mobile,524x655,51,51
mobile,533x853,49,97
mobile,534x854,56,1327
mobile,535x749,44,44
mobile,540x1200,53,53
mobile,540x720,53,53
mobile,556x1203,48,180
mobile,569x320,53,53
mobile,573x574,46,46
mobile,582x1229,54,54
mobile,586x820,47,47
mobile,591x1248,42,42
mobile,598x1296,49,49
mobile,621x414,54,54
mobile,638x649,45,45
mobile,661x372,43,43
mobile,677x1082,47,47
mobile,680x1088,43,43
mobile,680x1133,44,44
mobile,699x393,54,54
mobile,704x396,49,49
mobile,706x1130,59,59
mobile,736x414,58,58
mobile,771x360,53,53
mobile,792x375,53,53
mobile,792x884,40,40
mobile,800x1334,54,54
mobile,808x393,50,50
mobile,823x396,49,49
mobile,824x393,55,55
mobile,830x393,40,40
mobile,832x384,40,40
mobile,833x385,49,49
mobile,836x396,47,47
mobile,840x360,57,115
mobile,845x313,54,54
mobile,854x384,54,259
mobile,863x486,57,57
mobile,877x412,43,43
mobile,895x424,57,57
mobile,897x414,49,49
mobile,900x1440,56,56
mobile,918x424,52,52
mobile,935x421,48,48
mobile,942x424,54,202
mobile,960x432,54,54
mobile,962x601,40,109
mobile,976x610,44,44
mobile,980x441,51,51
tablet,1004x628,42,42
tablet,1056x478,54,54
tablet,1130x706,54,54
tablet,1143x686,54,54
tablet,1179x738,53,53
tablet,1280x960,41,41
tablet,1291x807,52,52
tablet,1360x850,52,335
tablet,1368x768,57,57
tablet,1443x812,42,42
tablet,360x740,43,43
tablet,360x800,44,44
tablet,375x812,48,48
tablet,393x818,56,113
tablet,393x851,48,48
tablet,400x683,42,42
tablet,412x869,45,45
tablet,458x732,50,50
tablet,515x823,54,54
tablet,586x781,52,52
tablet,592x1250,46,46
tablet,610x976,57,57
tablet,622x1243,45,45
tablet,622x1278,43,43
tablet,674x1078,52,52
tablet,701x875,43,43
tablet,706x1177,57,57
tablet,708x1132,54,54
tablet,725x1160,44,44
tablet,732x458,42,42
tablet,737x920,45,45
tablet,848x636,43,85
tablet,850x1360,46,92
tablet,902x1443,40,191
tablet,902x1503,39,39
tablet,915x813,41,41
tablet,942x1506,53,53